"","Mm_DMSO","Mm_G007LK","Mm_WNT","Mm_WNT_G007LK"
"MITF",7.43201469727856,7.37732750991681,7.77959137932142,7.57202886423647
"WNT5A",-3.32192809488736,-3.27882116581882,-3.27325181042221,-3.32192809488736
"DKK1",-3.32192809488736,-2.89895233326899,-2.88947249033654,-2.96432976719246
"DKK3",4.26463142307561,4.58487228910169,4.43286309703254,4.5201924525076
