"","Hs_A375.DMSO","Hs_FemxI.DMSO","Hs_FemxV.DMSO","Hs_LOX.DMSO","Hs_MeWo.DMSO","Hs_Skmel28.DMSO","Hs_WM115.DMSO","Hs_WM1341.DMSO","Hs_WM1366.DMSO","Hs_WM1382.DMSO","Hs_WM239.DMSO","Hs_WM266.DMSO","Hs_WM35.DMSO","Hs_WM45.1.DMSO","Hs_WM793.DMSO","Hs_WM852.DMSO","Hs_WM9.DMSO","Hs_WM983.DMSO","Mm_DMSO"
"TCF7",1.98799275989918,3.12535979306838,2.82152729698973,1.33717046027028,2.3171045892757,2.10937217134287,1.97128040122441,-0.522274521671123,2.24074714919242,0.341141091807991,1.29575056565998,1.56291352078661,1.99105722971077,0.8119400167068,1.03404245865751,4.59616082455795,3.73341795194529,1.37773956174394,0.873848001417004
"AXIN2",-1.76959527912498,-1.91627482191101,-2.91530379732738,-0.161045929687995,1.55535913318402,1.52142657230907,1.19200610461788,-2.30133504062463,0.341289230947424,1.41274231785437,2.61986106187976,0.873519442216807,0.58045657564872,1.99162523160666,1.01670554832082,0.0494673237695669,-1.15305837605665,-0.430779009875917,2.22242739556901
