"","Hs_A375.G007.LK","Hs_FemxI.G007.LK","Hs_FemxV.G007.LK","Hs_LOX.G007.LK","Hs_MeWo.G007.LK","Hs_Skmel28.G007.LK","Hs_WM115.G007.LK","Hs_WM1341.G007.LK","Hs_WM1366.G007.LK","Hs_WM1382.G007.LK","Hs_WM239.G007.LK","Hs_WM266.G007.LK","Hs_WM35.G007.LK","Hs_WM45.1.G007.LK","Hs_WM793.G007.LK","Hs_WM852.G007.LK","Hs_WM9.G007.LK","Hs_WM983.G007.LK","Mm_G007LK","Mm_WNT_G007LK"
"MITF",3.37667080590759,8.02379995163598,8.13752536018547,0.199940848230772,7.48177812904174,7.91288115447714,7.51681282269089,8.42170912283368,3.48359995546591,7.34486392906807,7.37355885142879,7.75801367854937,8.51454865938329,7.88658962406439,2.42258047370527,2.71268085384476,3.66496101659854,7.04752081937637,7.37732750991681,7.57202886423647
"WNT5A",3.0587627714251,-3.32192809488736,-3.1246474326761,1.04548162511939,-3.17377086685704,-1.32462041528576,4.83025723851888,2.23367610255939,3.28861514032103,1.17181136974721,2.58406777187267,-0.807169474813365,1.1036150869192,-3.11724608843425,6.1394936982662,6.51528515626489,5.47882498352145,2.86125532308797,-3.27882116581882,-3.32192809488736
"DKK1",7.23646888520305,-0.975974002453047,-1.92125905975961,-3.07266373687683,1.29308121248538,3.29575217269056,3.83020192983869,-3.32192809488736,7.80653313484421,-0.175694692225922,-0.837274748127229,-0.448144065929781,-0.86888700033905,-3.32192809488736,5.29477625018934,5.43747106969907,-1.42772846741282,3.5072811628767,-2.89895233326899,-2.96432976719246
"DKK3",3.76726704760021,-2.91084572751325,-3.32192809488736,0.119194873391981,-1.21048012199687,-1.23603124278399,7.55891857458549,-0.09221528222283,6.46970758606342,6.52974741304644,0.455219695997932,5.03205125675316,1.05834891315881,-2.59423438088188,8.64335272194106,7.35313471898006,6.77851547283033,2.18724295169498,4.58487228910169,4.5201924525076
