"","Hs_A375","Hs_FemxI","Hs_FemxV","Hs_LOX","Hs_MeWo","Hs_Skmel28","Hs_WM115","Hs_WM1341","Hs_WM1366","Hs_WM1382","Hs_WM239","Hs_WM266","Hs_WM35","Hs_WM45.1","Hs_WM793","Hs_WM852","Hs_WM9","Hs_WM983","Mm_G007LK_vs_DMSO","Mm_WNT_G007LK_vs_WNT"
"AMOTL2",-0.275718394880714,-0.801127307596637,-0.586777721839793,-0.101970389940005,-0.959191806151583,-0.829867519928975,-0.863983081786557,-0.974938893158018,-0.450489806306002,-1.08138430931337,-0.742702861559989,-0.5923801137505,-1.3189349699533,-0.144230282237774,-0.628703060420986,-0.634932071782028,-0.0571068920731555,-1.26259736324519,-0.375509077243106,-0.428236927403552
"CTGF",0.00732344678769724,-0.321804101322453,-0.232506547451243,0.0786649116089522,-0.349864477124229,-0.551073954078091,-0.230289798397467,-0.223820757937359,-0.981607410098694,-1.20178540762099,-0.376817163318055,-0.715353136808943,-0.984242967280666,0.121951169933886,-1.15936884284311,-1.26972332980392,0.31751902598075,-0.885820464417846,-0.446610878862664,-0.923089078018495
"CYR61",0.292232830374832,-1.69946733837659,-0.61839099569544,0.0576750341474136,-2.07342494308138,-1.79350486335294,-1.51090876894273,-0.805863239551727,-0.71268054250191,-1.80806924717852,-0.0657152596951276,-0.589729982072172,-0.62461518456446,1.42592102059205,-1.11415720671872,-1.1611947658679,0.243208001629774,-2.15932806472875,-0.530180480897279,-0.903015491805705
