"","Mm_DMSO","Mm_G007LK","Mm_WNT","Mm_WNT_G007LK"
"AMOTL2",5.04494532048948,4.66905014547135,4.70386870445731,4.28230857446616
"CTGF",4.45640899334667,3.91483530897945,4.63776261158146,3.8159408124105
"CYR61",5.31231592039121,4.77299916432833,5.44685106622434,4.581281216679
