"","Hs_A375","Hs_FemxI","Hs_FemxV","Hs_LOX","Hs_MeWo","Hs_Skmel28","Hs_WM115","Hs_WM1341","Hs_WM1366","Hs_WM1382","Hs_WM239","Hs_WM266","Hs_WM35","Hs_WM45.1","Hs_WM793","Hs_WM852","Hs_WM9","Hs_WM983","Mm_G007LK_vs_DMSO","Mm_WNT_G007LK_vs_WNT"
"TCF7",-0.232289475643762,0.367561173070139,0.0378874898372647,0.323349701538591,-0.505984671389686,0.19799859450565,-0.112793508105239,-0.0296882028100064,-0.289932241353042,0.288755372424388,-0.75471532128793,-0.431181415382882,0.010743451411716,-0.3624522061419,-0.0436486418893388,0.0284948927417632,-0.156157529335507,-0.0712640563585955,-0.00337047235001256,-1.07571858833766
"AXIN2",-0.614306050009764,0.0231192380035027,1.09751913851233,0.145719122478712,0.0181529834104977,0.440475811295732,-0.0773145646318535,-0.179425200813341,-0.661648381748814,0.497866696820329,-0.542645990221763,-0.223816101287944,0.0575968304438012,0.279278132778428,-0.107401794960107,-0.111177747141228,-0.309859332615356,0.168361383682017,0.103540783557226,-0.873976333785804
