"","Hs_A375.G007.LK","Hs_FemxI.G007.LK","Hs_FemxV.G007.LK","Hs_LOX.G007.LK","Hs_MeWo.G007.LK","Hs_Skmel28.G007.LK","Hs_WM115.G007.LK","Hs_WM1341.G007.LK","Hs_WM1366.G007.LK","Hs_WM1382.G007.LK","Hs_WM239.G007.LK","Hs_WM266.G007.LK","Hs_WM35.G007.LK","Hs_WM45.1.G007.LK","Hs_WM793.G007.LK","Hs_WM852.G007.LK","Hs_WM9.G007.LK","Hs_WM983.G007.LK","Mm_G007LK","Mm_WNT_G007LK"
"MITF",3.37667080590759,8.02379995163598,8.13752536018547,0.199940848230772,7.48177812904174,7.91288115447714,7.51681282269089,8.42170912283368,3.48359995546591,7.34486392906807,7.37355885142879,7.75801367854937,8.51454865938329,7.88658962406439,2.42258047370527,2.71268085384476,3.66496101659854,7.04752081937637,7.37732750991681,7.57202886423647
"AMOTL2",5.47955800773494,2.50890532226994,1.71240671433734,5.95680739423035,-0.424595386319316,2.57359320897016,2.00687967260187,2.02020798862931,6.17690111973631,3.43394461155196,1.46179174009683,1.44960765972694,1.80668096097826,2.95624043934373,5.57819698416838,3.67288203050993,3.90866036749384,3.81889196364866,4.66905014547135,4.28230857446616
"CTGF",5.38448540790562,2.12407753978094,1.13345518314002,5.97441625261163,3.24666057971034,3.98849281534128,2.11536009006288,-2.46115103952057,7.34840912537007,3.05810900646773,3.15516496749023,1.60719904177145,4.27788485737534,1.80691940362824,8.65595033570302,3.00482461852501,3.68173563446711,3.96344602064877,3.91483530897945,3.8159408124105
"CYR61",6.06740358090798,0.555218044290006,-1.93148005901631,8.82061713840834,-0.289629606258917,-0.567518179204006,-1.51484836648518,2.33268180173593,8.81978388773931,1.83601337695022,0.294423973689207,-0.715165340442669,-1.17923894494073,-1.89600707429532,5.89810914790055,4.69431932109156,4.19858988155362,3.46764486243481,4.77299916432833,4.581281216679
