"","Mm_DMSO","Mm_G007LK","Mm_WNT","Mm_WNT_G007LK"
"TCF7",0.873848001417004,0.888649880786188,3.32799169462807,2.22762412883478
"AXIN2",2.22242739556901,2.33993171263732,4.31901982972273,3.44691974676467
