"","Mm_DMSO","Mm_G007LK","Mm_WNT","Mm_WNT_G007LK"
"TCF7",0.873848001417004,0.888649880786188,3.32799169462807,2.22762412883478
"AMOTL2",5.04494532048948,4.66905014547135,4.70386870445731,4.28230857446616
"CTGF",4.45640899334667,3.91483530897945,4.63776261158146,3.8159408124105
"HEY2",-2.64505044669664,-2.32167715280145,-2.26618758583532,-2.20485779787309
"CYR61",5.31231592039121,4.77299916432833,5.44685106622434,4.581281216679
"HEY1",-1.46955138173776,-1.54744345730883,-1.28435535126533,-1.60926415821006
"AXIN2",2.22242739556901,2.33993171263732,4.31901982972273,3.44691974676467
